{
  "consectetur_40": false,
  "Duis32": -97919889,
  "enimc": -67810599.0840653,
  "provider": {},
  "quis_1": -11903281.428259447
}
